"OldRel","NewRel","Folder","Title","Date"
"README.md","30_分析メモ/###   プロジェクト・アークとは.md","30_分析メモ","###   プロジェクト・アークとは",""
"世界経済ストレス総点検DR依頼.md","10_背景調査/ワルプルギス（9 30ターム）：世界経済ストレス総点検 —.md","10_背景調査","ワルプルギス（9 30ターム）：世界経済ストレス総点検 —",""
"世界考察まとめ-20250817.md","20_資料/実務手続き（Who What How When）.md","20_資料","実務手続き（Who What How When）",""
"世界考察情報.md","30_分析メモ/UTSM-1 Proj=世界考察; Arch=JU PSM.md","30_分析メモ","UTSM-1 Proj=世界考察; Arch=JU PSM",""
"戦略フレーム更新：JU構想から実務的危機対応への移行.md","30_分析メモ/戦略フレーム更新：JU構想から実務的危機対応への移行.md","30_分析メモ","戦略フレーム更新：JU構想から実務的危機対応への移行",""
"米国財務省調査レポート依頼.md","10_背景調査/## 序論.md","10_背景調査","## 序論",""
"調査資料/アメリカ調査20250813.md","20_資料/要旨（ショート版）.md","20_資料","要旨（ショート版）",""
"調査資料/こども家庭庁予算の透明性検証.md","10_背景調査/こども家庭庁：国家主導イデオロギー・ネットワークの解剖.md","10_背景調査","こども家庭庁：国家主導イデオロギー・ネットワークの解剖",""
"調査資料/ネタニヤフ発狂考察.md","20_資料/何が起きたか（確定情報）.md","20_資料","何が起きたか（確定情報）",""
"調査資料/ミャンマー核奪取阻止.md","30_分析メモ/戦略評価：中国共産党崩壊シナリオにおける核セキュリティと「パ.md","30_分析メモ","戦略評価：中国共産党崩壊シナリオにおける核セキュリティと「パ",""
"調査資料/ワルプルギス仮説検証と早期パス探索.md","10_背景調査/DR-JPN-TERM-GAMMA  ワルプルギス臨界仮説の.md","10_背景調査","DR-JPN-TERM-GAMMA  ワルプルギス臨界仮説の",""
"調査資料/財務省という国家そのもの：思想統制と利益共同体としての「解体不能」構造.md","10_背景調査/財務省という国家そのもの：思想統制と利益共同体としての「解体.md","10_背景調査","財務省という国家そのもの：思想統制と利益共同体としての「解体",""
"調査資料/財務省起点 公費搾取システム調査.md","10_背景調査/金色の王冠：日本の制度的公費搾取システムと監査不能構造の解明.md","10_背景調査","金色の王冠：日本の制度的公費搾取システムと監査不能構造の解明",""
"調査資料/世界経済ストレステスト分析と米国債務.md","10_背景調査/世界ストレステスト1.2（JST 2025 08 27）：ソ.md","10_背景調査","世界ストレステスト1.2（JST 2025 08 27）：ソ",""
"調査資料/台湾技術流出事件：総合分析.md","10_背景調査/シリコンシールドの侵害：TSMC 2nm技術流出事件の地政学.md","10_背景調査","シリコンシールドの侵害：TSMC 2nm技術流出事件の地政学",""
"調査資料/大統領令と国際合意の法的検証.md","10_背景調査/8月7日の大統領令：一方的関税措置、国際法的有効性、及びドル.md","10_背景調査","8月7日の大統領令：一方的関税措置、国際法的有効性、及びドル",""
"調査資料/中国の乖離とワルプルギス連動評価.md","10_背景調査/プロジェクト・ワルプルギス：中国における「表面」と「実態」の.md","10_背景調査","プロジェクト・ワルプルギス：中国における「表面」と「実態」の",""
"調査資料/日本の惨状把握とArk戦略.md","10_背景調査/日本の体系的脆弱性に関する評価：Ark戦略のためのエビデンス.md","10_背景調査","日本の体系的脆弱性に関する評価：Ark戦略のためのエビデンス",""
"調査資料/米国外交・国内情勢分析（大イスラエル前）.md","10_背景調査/2025年のアメリカ：多極化世界における取引主義的権力の肖像.md","10_背景調査","2025年のアメリカ：多極化世界における取引主義的権力の肖像",""
"絶望の日/【最終版・運用規程】ワルプルギス危機予測と即応スタンバイ体制.md","10_背景調査/【最終版・運用規程】9 30危機予測と即応スタンバイ体制.md","10_背景調査","【最終版・運用規程】9 30危機予測と即応スタンバイ体制",""
"絶望の日/Geminiログ（クルーグマンへのツイートまで）.md","20_資料/この話の理解者は、ポール・クルーグマンしか居ない。.md","20_資料","この話の理解者は、ポール・クルーグマンしか居ない。",""
"絶望の日/Gemini傲慢.md","10_背景調査/読み込んで説明し、切り分けをお願いします。.md","10_背景調査","読み込んで説明し、切り分けをお願いします。",""
"絶望の日/Metaの生存戦略、脆弱性、そして「絶望の日」.md","30_分析メモ/###   戦略的考察：Metaの生存戦略、脆弱性、そして「.md","30_分析メモ","###   戦略的考察：Metaの生存戦略、脆弱性、そして「",""
"絶望の日/To Prof. paul-krugman.md","30_分析メモ/@paulkrugman.md","30_分析メモ","@paulkrugman",""
"絶望の日/世界経済リスク包括把握DR依頼.md","10_背景調査/9月の支点：米国中心のシステミック危機と通貨多様化への戦略的.md","10_背景調査","9月の支点：米国中心のシステミック危機と通貨多様化への戦略的",""
"絶望の日/絶望の日、その説明.md","30_分析メモ/承知いたしました。あなたは愚かではありません。むしろ、ほとん.md","30_分析メモ","承知いたしました。あなたは愚かではありません。むしろ、ほとん",""
"絶望の日/絶望の日、ハックルート.md","30_分析メモ/あなたの慧眼に敬意を表します。それは、この論理の終着点に見え.md","30_分析メモ","あなたの慧眼に敬意を表します。それは、この論理の終着点に見え",""
"絶望の日/文明延命コスト、その妥当性考察。.md","20_資料/文明の保険料：12兆ドルによる一時的延命措置と、その長期的負.md","20_資料","文明の保険料：12兆ドルによる一時的延命措置と、その長期的負",""
"打った手/MIT向けメール.md","30_分析メモ/.md","30_分析メモ","",""
"打った手/NYT向けツイート案.md","30_分析メモ/### Japan’s Collapse Is Not Ja.md","30_分析メモ","### Japan’s Collapse Is Not Ja",""
"打った手/クルーグマン宛ツイート.md","20_資料/To the esteemed Professor Paul.md","20_資料","To the esteemed Professor Paul",""
"打った手/固定ツイート.md","30_分析メモ/9 30は「米国経済のXデー」.md","30_分析メモ","9 30は「米国経済のXデー」",""
"打った手/高市議員宛ツイート.md","30_分析メモ/高市早苗議員殿.md","30_分析メモ","高市早苗議員殿",""
"Project Ark/プロジェクト・アーク実行計画策定依頼.md","10_背景調査/プロジェクト・アークP0起動パッケージ：要員、プロトコル、お.md","10_背景調査","プロジェクト・アークP0起動パッケージ：要員、プロトコル、お",""
"各種ログ/ログ-Gemini Part1.md","20_資料/ログがそこまで進んでいないのに、何故かプロンプト対象ミスが頻.md","20_資料","ログがそこまで進んでいないのに、何故かプロンプト対象ミスが頻",""
"各種ログ/ログ-Gemini Part2.md","20_資料/先行者完走です。後任に着任下さい。.md","20_資料","先行者完走です。後任に着任下さい。",""
"各種ログ/ログ-GPT（大イスラエルE1承認後初動）.md","20_資料/承継設定（固定）.md","20_資料","承継設定（固定）",""
"各種ログ/ログ-GPT（大イスラエルE1発動前）.md","20_資料/いまの現地時刻と“残り”.md","20_資料","いまの現地時刻と“残り”",""
"各種ログ/ワルプルギスは来ない→嘘でした.md","20_資料/9 30に向けて「詰まり」を招く条件と分岐.md","20_資料","9 30に向けて「詰まり」を招く条件と分岐",""
"Ark=R/フィアット連合/Arkマクロ経済学/第8章・第9章 JG・UBIとインフレ制御（v1.2）.md","30_分析メモ/## 第8章　就業保証プログラム（JG）：社会という船体の防.md","30_分析メモ","## 第8章　就業保証プログラム（JG）：社会という船体の防",""
"Ark=R/フィアット連合/Arkマクロ経済学/第8章・第9章 JG・UBIとインフレ制御（v1）.md","30_分析メモ/## 第8章　就業保証プログラム（JG）：社会という船体の防 (2).md","30_分析メモ","## 第8章　就業保証プログラム（JG）：社会という船体の防",""
"00_ARCHIVE/JU_Concept/20250904_JU_Concept_Activation_CrisisAssessment.md","10_背景調査/JU構想発動判断に関する現状評価報告書（2025年8月13日.md","10_背景調査","JU構想発動判断に関する現状評価報告書（2025年8月13日",""
"00_ARCHIVE/JU_Concept/20250904_JU_Concept_GPT_PriorKnowledge.md","30_分析メモ/0. 地図（この説明に折り込んだ要素）.md","30_分析メモ","0. 地図（この説明に折り込んだ要素）",""
"00_ARCHIVE/JU_Concept/20250904_JU_Concept_Log_000.md","20_資料/https   gigazine.net news 2025.md","20_資料","https   gigazine.net news 2025",""
"00_ARCHIVE/JU_Concept/20250904_JU_Concept_Log_001.md","20_資料/AIレイオフ壊れました。 以下URLを分析下さい。 http.md","20_資料","AIレイオフ壊れました。 以下URLを分析下さい。 http",""
"00_ARCHIVE/JU_Concept/20250904_JU_Concept_RoadmapToStart_log.md","20_資料/とりあえず、添付ファイルを読み、前提状況を把握して下さい。.md","20_資料","とりあえず、添付ファイルを読み、前提状況を把握して下さい。",""
"00_ARCHIVE/JU_Concept/20250904_JU_Concept_RupeeSwap.md","30_分析メモ/戦略報告書：9月30日危機シナリオにおける「ルピー・スワップ.md","30_分析メモ","戦略報告書：9月30日危機シナリオにおける「ルピー・スワップ",""
"00_ARCHIVE/JU_Concept/20250904_JU_Concept_WalpurgisCrisisResponse.md","10_背景調査/JU構想：極限同盟によるポスト危機秩序の構築.md","10_背景調査","JU構想：極限同盟によるポスト危機秩序の構築",""
"00_ARCHIVE/JU_Concept/20250904_JU_Concept_Whitepaper_GPT.md","30_分析メモ/## JU構想白書 Ver.0.1.md","30_分析メモ","## JU構想白書 Ver.0.1",""
"00_ARCHIVE/JU_Concept/20250904_JU_StrategicRoadmap_v0.02.md","30_分析メモ/JU構想 戦略ロードマップ (v0.02).md","30_分析メモ","JU構想 戦略ロードマップ (v0.02)",""
"00_ARCHIVE/PSM_Framework/20250904_JU_to_PSM_Transition_analysis.md","10_背景調査/戦略的評価：共同事業（JU）から太平洋共同体マンデート（PS.md","10_背景調査","戦略的評価：共同事業（JU）から太平洋共同体マンデート（PS",""
"01_INTELLIGENCE_VAULT/Geopolitical/20250820_US_Statement_Analysis.md","20_資料/現状スナップショット（直近の公知情報）.md","20_資料","現状スナップショット（直近の公知情報）",""
"01_INTELLIGENCE_VAULT/Geopolitical/20250904_Analysis_MrPerfectHollow.md","30_分析メモ/## トランプ評価フレーム.md","30_分析メモ","## トランプ評価フレーム",""
"01_INTELLIGENCE_VAULT/Geopolitical/20250904_EmergencyStopTrump_briefing.md","20_資料/オペレーション・ライフライン（南ア）—清書版（並列運用前提）.md","20_資料","オペレーション・ライフライン（南ア）—清書版（並列運用前提）",""
"01_INTELLIGENCE_VAULT/Geopolitical/20250904_Germany_UkraineSupport_Analysis.md","10_背景調査/DR-EU-DEU-2025Q3：ドイツ国家能力とウクライナ.md","10_背景調査","DR-EU-DEU-2025Q3：ドイツ国家能力とウクライナ",""
"01_INTELLIGENCE_VAULT/Geopolitical/20250904_GreaterIsrael_MiddleEast_Analysis.md","30_分析メモ/戦略的評価：2025年8月の期限と中東の再編.md","30_分析メモ","戦略的評価：2025年8月の期限と中東の再編",""
"01_INTELLIGENCE_VAULT/Geopolitical/20250904_Israel_E1plan_USresponse_analysis.md","30_分析メモ/DR速報レポート.md","30_分析メモ","DR速報レポート",""
"01_INTELLIGENCE_VAULT/Geopolitical/20250904_Netherlands_UkraineSupport_Assessment.md","10_背景調査/DR-EU-NLD-2025Q3：オランダの国家能力とウクラ.md","10_背景調査","DR-EU-NLD-2025Q3：オランダの国家能力とウクラ",""
"01_INTELLIGENCE_VAULT/Geopolitical/20250904_NuclearDeterrence_MADtoMAS_analysis.md","30_分析メモ/Global Nuclear Usability Repor.md","30_分析メモ","Global Nuclear Usability Repor",""
"01_INTELLIGENCE_VAULT/Geopolitical/20250904_OperationBloodstop_plan.md","10_背景調査/オペレーション・ブラッドストップ最終合意.md","10_背景調査","オペレーション・ブラッドストップ最終合意",""
"01_INTELLIGENCE_VAULT/Geopolitical/20250904_OperationLifeline_SouthAfrica_plan.md","10_背景調査/オペレーション・ライフライン：南ア救済プラン.md","10_背景調査","オペレーション・ライフライン：南ア救済プラン",""
"01_INTELLIGENCE_VAULT/Geopolitical/20250904_PostWalpurgis_Geopolitics_Package.md","10_背景調査/ポスト“ワルプルギス”のアーキテクチャ：ミドルパワーの強靭性.md","10_背景調査","ポスト“ワルプルギス”のアーキテクチャ：ミドルパワーの強靭性",""
"01_INTELLIGENCE_VAULT/Geopolitical/20250904_TrumpAdmin_ComprehensiveVerification_report.md","10_背景調査/無能と卑怯の構造：トランプ政権における制度破壊、反科学、利害.md","10_背景調査","無能と卑怯の構造：トランプ政権における制度破壊、反科学、利害",""
"01_INTELLIGENCE_VAULT/Geopolitical/20250904_TrumpsFolly_PerfectHollow_analysis.md","20_資料/概況（要点）.md","20_資料","概況（要点）",""
"01_INTELLIGENCE_VAULT/Economic/20250904_China_EconomicTweets_Collection_Grok4_raw.md","20_資料/中国経済の実態を知るため、関連するツイートを、なるべく広範に.md","20_資料","中国経済の実態を知るため、関連するツイートを、なるべく広範に",""
"01_INTELLIGENCE_VAULT/Economic/20250904_GlobalStressTest_US-Debt_v1.2.md","10_背景調査/世界ストレステスト1.2（JST 2025 08 27）：ソ (2).md","10_背景調査","世界ストレステスト1.2（JST 2025 08 27）：ソ",""
"01_INTELLIGENCE_VAULT/Economic/20250904_Russia_ResourceStatus_PriceEvaluation.md","10_背景調査/حصار下にあるロシアの資源経済：2025年8月時点の戦略的.md","10_背景調査","حصار下にあるロシアの資源経済：2025年8月時点の戦略的",""
"01_INTELLIGENCE_VAULT/Domestic/20250904_FRB_GovControl_Analysis_assessment.md","10_背景調査/連邦準備制度の包囲網：2025年度末までの執行府による支配の.md","10_背景調査","連邦準備制度の包囲網：2025年度末までの執行府による支配の",""
"01_INTELLIGENCE_VAULT/Domestic/20250904_JP_PoliticalPartyReactions_USTariffs_summary.md","30_分析メモ/8月7日関税発動に対する日本の国内政党の反応（速報）.md","30_分析メモ","8月7日関税発動に対する日本の国内政党の反応（速報）",""
"01_INTELLIGENCE_VAULT/Domestic/20250904_JP_US_SovereignDebt_CrossCheck_report.md","10_背景調査/検証報告書：日米ソブリン債市場構造の比較分析と「Ark-R」.md","10_背景調査","検証報告書：日米ソブリン債市場構造の比較分析と「Ark-R」",""
"01_INTELLIGENCE_VAULT/Resources/20250904_GlobalSurvivalResource_CrisisAssessment.md","20_資料/生存リソースに関する国際危機評価（食料＋水）.md","20_資料","生存リソースに関する国際危機評価（食料＋水）",""
"02_WORKING_DRAFTS/Global_Risk_Models/20250904_ChinaRisk_Dashboard.md","30_分析メモ/中国リスク監視ダッシュボード（Ark-R監視フェーズ）.md","30_分析メモ","中国リスク監視ダッシュボード（Ark-R監視フェーズ）",""
"02_WORKING_DRAFTS/Ark-R_Design/20250904_ArkR_Framework_v1.00.md","30_分析メモ/Ark-R 理論上解決版：詳細設計（Blueprint）.md","30_分析メモ","Ark-R 理論上解決版：詳細設計（Blueprint）",""
"02_WORKING_DRAFTS/Ark-R_Design/20250904_ArkR_ImplementationTriggers_T-30_design.md","30_分析メモ/Ark-R トリガーイベントと即応手段（T-30設計）.md","30_分析メモ","Ark-R トリガーイベントと即応手段（T-30設計）",""
"02_WORKING_DRAFTS/Ark-R_Design/20250904_ArkR_TriggerChecklist.md","30_分析メモ/Ark-R トリガーイベント監視テスト.md","30_分析メモ","Ark-R トリガーイベント監視テスト",""
"02_WORKING_DRAFTS/Domestic_Strategy/20250904_GPT5_CounterProposal_draft.md","20_資料/世界考察PJ 横断記憶（2025 08 27時点）.md","20_資料","世界考察PJ 横断記憶（2025 08 27時点）",""
"02_WORKING_DRAFTS/Domestic_Strategy/20250904_InfoOps_Packages_secret.md","10_背景調査/展開計画：パッケージA & D.md","10_背景調査","展開計画：パッケージA & D",""
"02_WORKING_DRAFTS/Domestic_Strategy/20250904_ProjectArk_ExtendedFAQ_internal.md","30_分析メモ/プロジェクト・アーク：拡張版FAQ（内部専用）.md","30_分析メモ","プロジェクト・アーク：拡張版FAQ（内部専用）",""
"02_WORKING_DRAFTS/Domestic_Strategy/20250904_SouthAfrica_ReliefPlan_ImplementationEvaluation.md","30_分析メモ/###   基本方針：Googleの戦略的利益を最大化し、コ.md","30_分析メモ","###   基本方針：Googleの戦略的利益を最大化し、コ",""
"03_FINAL_REPORTS/DR/20250904_ArkR_Patch_v1.4_Validation_DR.md","10_背景調査/Ark-R実装パッチv1.4 妥当性検証：設計確証フェーズ.md","10_背景調査","Ark-R実装パッチv1.4 妥当性検証：設計確証フェーズ",""
"03_FINAL_REPORTS/DR/20250904_ArkR_v1.5_Implementation_Validation_final_DR.md","10_背景調査/Ark-R v1.5 実務仕様確定版 妥当性検証：T-30実.md","10_背景調査","Ark-R v1.5 実務仕様確定版 妥当性検証：T-30実",""
"03_FINAL_REPORTS/DR/20250904_ArkR_Validation_DR.md","10_背景調査/Ark-R最終骨子妥当性検証：2025年地経学的変曲点の航行.md","10_背景調査","Ark-R最終骨子妥当性検証：2025年地経学的変曲点の航行",""
"03_FINAL_REPORTS/DR/20250904_AuroraDelta_Suspension_DR.md","30_分析メモ/DR-AURORA-Δ 2025Q3：USDスワップ運用ゼロ.md","30_分析メモ","DR-AURORA-Δ 2025Q3：USDスワップ運用ゼロ",""
"03_FINAL_REPORTS/DR/20250904_EU_UkraineSupport_Assessment_DR.md","10_背景調査/DR-EU-2025Q3：ユーロ圏経済・ウクライナ支援リソー.md","10_背景調査","DR-EU-2025Q3：ユーロ圏経済・ウクライナ支援リソー",""
"03_FINAL_REPORTS/DR/20250904_France_ComprehensiveDiagnosis_DR.md","10_背景調査/DR-EU-FRA-2025Q3「フランス情勢・ウクライナ支.md","10_背景調査","DR-EU-FRA-2025Q3「フランス情勢・ウクライナ支",""
"03_FINAL_REPORTS/DR/20250904_NewWorldOrder_Analysis_DR.md","10_背景調査/プロジェクト・アーク：新国際秩序構築のための戦略的枠組み.md","10_背景調査","プロジェクト・アーク：新国際秩序構築のための戦略的枠組み",""
"03_FINAL_REPORTS/DR/20250904_WarDeptStatement_ImpactAnalysis_DR.md","30_分析メモ/戦争省：臨界事象の分析と国際秩序への影響.md","30_分析メモ","戦争省：臨界事象の分析と国際秩序への影響",""
"03_FINAL_REPORTS/Whitepapers/20250904_Ark_Macroeconomics_Validation_report.md","10_背景調査/「Ark流マクロ経済学」の理論的・実証的妥当性評価：スティグ.md","10_背景調査","「Ark流マクロ経済学」の理論的・実証的妥当性評価：スティグ",""
"03_FINAL_REPORTS/Whitepapers/20250904_ArkMacroeconomics_Ch11_FiatUnion.md","30_分析メモ/## 第11章　フィアット連合：覇権を超える協調の枠組み.md","30_分析メモ","## 第11章　フィアット連合：覇権を超える協調の枠組み",""
"03_FINAL_REPORTS/Whitepapers/20250904_ArkMacroeconomics_Ch5_Screwflation_v1.1.md","30_分析メモ/## 第5章　スクリューフレーション：静かなる生活破壊.md","30_分析メモ","## 第5章　スクリューフレーション：静かなる生活破壊",""
"03_FINAL_REPORTS/Whitepapers/20250904_ArkMacroeconomics_Ch5_Screwflation.md","30_分析メモ/## 第5章　スクリューフレーション：静かなる生活破壊 (2).md","30_分析メモ","## 第5章　スクリューフレーション：静かなる生活破壊",""
"03_FINAL_REPORTS/Whitepapers/20250904_ArkMacroeconomics_Ch7_PeaceUtility.md","30_分析メモ/## 第7章　究極の経済財：「平和効用」.md","30_分析メモ","## 第7章　究極の経済財：「平和効用」",""
"03_FINAL_REPORTS/Whitepapers/20250904_ArkMacroeconomics_Ch8-9_JG-UBI_InflationControl_v1.1.md","30_分析メモ/## 第8章　就業保証プログラム（JG）：社会という船体の防 (3).md","30_分析メモ","## 第8章　就業保証プログラム（JG）：社会という船体の防",""
"03_FINAL_REPORTS/Whitepapers/20250904_ArkMacroeconomics_Validation_v1.01.md","40_提案ドラフト/Ark流マクロ経済学：平和と繁栄のための教科書構成案.md","40_提案ドラフト","Ark流マクロ経済学：平和と繁栄のための教科書構成案",""
"03_FINAL_REPORTS/Whitepapers/20250904_ProjectArk_DetailedBlueprint_secret.md","30_分析メモ/プロジェクト・アーク：全体詳細設計図（極秘版 Ver.1.1.md","30_分析メモ","プロジェクト・アーク：全体詳細設計図（極秘版 Ver.1.1",""
"03_FINAL_REPORTS/Whitepapers/20250904_ProjectArk_Explanation_v1.1_secret.md","30_分析メモ/###   プロジェクト・アークとは (2).md","30_分析メモ","###   プロジェクト・アークとは",""
"03_FINAL_REPORTS/Whitepapers/20250904_ProjectArk_FinalTimeline_ExecutionPlan.md","30_分析メモ/プロジェクト・アーク：最終確定タイムラインと実行計画.md","30_分析メモ","プロジェクト・アーク：最終確定タイムラインと実行計画",""
"03_FINAL_REPORTS/Whitepapers/20250904_ProjectArk_FullPlan_T-28_summary.md","30_分析メモ/UTSM-1    ARK-PJ-FULL (T–28).md","30_分析メモ","UTSM-1    ARK-PJ-FULL (T–28)",""
"03_FINAL_REPORTS/Whitepapers/20250904_SouthAfrica_ReliefPlan_Analysis_UNSpeechDraft.md","30_分析メモ/###   第一部：南アフリカ救済プラン - 詳細分析と実装.md","30_分析メモ","###   第一部：南アフリカ救済プラン - 詳細分析と実装",""
"04_PUBLIC_FACING/20250904_ArkConcept_LeaderBriefingCards_final.md","30_分析メモ/###   Ark構想：首脳用即応カード Ver.1.3（最.md","30_分析メモ","###   Ark構想：首脳用即応カード Ver.1.3（最",""
"04_PUBLIC_FACING/20250904_ProjectArk_GlobalProposal_v1.1.md","40_提案ドラフト/###   プロジェクト・アーク：世界への提案（公開版 Ve.md","40_提案ドラフト","###   プロジェクト・アーク：世界への提案（公開版 Ve",""
"04_PUBLIC_FACING/20250904_ProjectArk_StrategySummary_slides.md","30_分析メモ/###   プロジェクト・アーク：戦略要約スライド.md","30_分析メモ","###   プロジェクト・アーク：戦略要約スライド",""
"04_PUBLIC_FACING/20250904_UNGA_PhoenixSpeech_Q&A_brief.md","30_分析メモ/###   国連総会 Q&Aブリーフ：「フェニックス演説」と.md","30_分析メモ","###   国連総会 Q&Aブリーフ：「フェニックス演説」と",""
"04_PUBLIC_FACING/20250904_UNGA_PhoenixSpeech_scenario.md","30_分析メモ/###   国連総会演説シナリオ：『フェニックス・スピーチ』.md","30_分析メモ","###   国連総会演説シナリオ：『フェニックス・スピーチ』",""
"04_PUBLIC_FACING/Walpurgis_9_30/20250904_JudgmentDayProtocol_9_30_protocol.md","30_分析メモ/9 30 審判プロトコル：ドル崩壊と新秩序構築のための行動計.md","30_分析メモ","9 30 審判プロトコル：ドル崩壊と新秩序構築のための行動計",""
"05_LOGS/Gemini_Logs/20250904_Ark_Gemini_Log_3.md","20_資料/先任者完走です。後続お願いします。.md","20_資料","先任者完走です。後続お願いします。",""
"05_LOGS/Gemini_Logs/20250904_ArkR_DevLog_Part1.md","20_資料/DR依頼文案.md","20_資料","DR依頼文案",""
"05_LOGS/Gemini_Logs/20250904_ArkR_DevLog_Part2.md","20_資料/DR-REQ  FED-INDEP-TERM-ALPHA（F.md","20_資料","DR-REQ  FED-INDEP-TERM-ALPHA（F",""
"05_LOGS/Gemini_Logs/20250904_ArkR_FrameworkFinalization_log.md","10_背景調査/日本の基本線（確定事項）.md","10_背景調査","日本の基本線（確定事項）",""
"05_LOGS/Gemini_Logs/20250904_ArkR_Log_DespairToHope.md","20_資料/判定ロジック（9 30で確定させる条件）.md","20_資料","判定ロジック（9 30で確定させる条件）",""
"05_LOGS/Gemini_Logs/20250904_Gemini_Log_FirstRunnerComplete.md","20_資料/Https   youtu.be 0Fck6zie1lA s.md","20_資料","Https   youtu.be 0Fck6zie1lA s",""
"05_LOGS/Gemini_Logs/20250904_Gemini_Log_FoxNews.md","20_資料/FOXが？と驚かれています.md","20_資料","FOXが？と驚かれています",""
"05_LOGS/Gemini_Logs/20250904_Gemini_Log_SecondRunner.md","20_資料/ワルプルギス、前任者が完走しました。.md","20_資料","ワルプルギス、前任者が完走しました。",""
"05_LOGS/Gemini_Logs/20250904_ProjectArk_Log_Part3.md","20_資料/先任者完走です。後続お願いします。 (2).md","20_資料","先任者完走です。後続お願いします。",""
"05_LOGS/Gemini_Logs/20250904_WalpurgisDelay_ModiSwap_log.md","20_資料/世界考察PJ 横断記憶（2025 08 27時点） (2).md","20_資料","世界考察PJ 横断記憶（2025 08 27時点）",""
